序号,链接,节点数
0,https://gist.githubusercontent.com/peasoft/40b87245630092f30cc98af61190b4e2/raw/,10
1,https://gitlab.com/free9999/ipupdate/-/raw/master/backup/img/1/2/ipp/clash.meta2/1/config.yaml?ref_type=heads,1
2,https://gitlab.com/free9999/ipupdate/-/raw/master/backup/img/1/2/ipp/clash.meta2/3/config.yaml?ref_type=heads,1
3,https://gitlab.com/free9999/ipupdate/-/raw/master/backup/img/1/2/ipp/clash.meta2/4/config.yaml?ref_type=heads,1
4,https://raw.githubusercontent.com/Surfboardv2ray/TGParse/main/python/hy2,2
5,https://raw.githubusercontent.com/Surfboardv2ray/TGParse/main/python/hysteria2,52
6,https://raw.githubusercontent.com/lagzian/SS-Collector/main/configs/subscription-all.b64,350
7,https://raw.githubusercontent.com/ripaojiedian/freenode/main/clash,14
8,https://raw.githubusercontent.com/ripaojiedian/freenode/main/sub,13
9,https://raw.githubusercontent.com/shaoyouvip/free/refs/heads/main/all.yaml,79
10,https://raw.githubusercontent.com/snakem982/proxypool/main/source/clash-meta-2.yaml,62
11,https://raw.githubusercontent.com/snakem982/proxypool/main/source/v2ray-2.txt,57
12,https://raw.githubusercontent.com/zhangkaiitugithub/passcro/main/speednodes.yaml,141

总计,,631
